window,source_type,source,credibility_score,raw_hit_rate_pct,hits,misses,resolved,unresolved,total_calls,sample_flag
Premier League · Summer Window 2026,journalist,Fabrizio Romano,60,100,1,0,1,3,4,small_sample
Premier League · Summer Window 2026,publication,FootballTransfers,50,50,1,1,2,4,6,small_sample
Premier League · Summer Window 2026,publication,The Guardian,50,50,1,1,2,3,5,small_sample
Premier League · Summer Window 2026,publication,Daily Mail,40,0,0,1,1,5,6,small_sample
Premier League · Summer Window 2026,publication,Evening Standard,40,0,0,1,1,5,6,small_sample
Premier League · Summer Window 2026,publication,CaughtOffside,40,0,0,1,1,4,5,small_sample
Premier League · Summer Window 2026,publication,football.london,40,0,0,1,1,4,5,small_sample
Premier League · Summer Window 2026,publication,Sky Sports,40,0,0,1,1,4,5,small_sample
Premier League · Summer Window 2026,publication,BBC Sport,40,0,0,1,1,3,4,small_sample
Premier League · Summer Window 2026,publication,talkSPORT,40,0,0,1,1,3,4,small_sample
Premier League · Summer Window 2026,publication,The Mirror,40,0,0,1,1,3,4,small_sample
Premier League · Summer Window 2026,publication,Metro,40,0,0,1,1,1,2,small_sample
Premier League · Summer Window 2026,publication,Birmingham Mail,40,0,0,1,1,0,1,small_sample
Premier League · Summer Window 2026,publication,The Telegraph,40,0,0,1,1,0,1,small_sample
Premier League · Summer Window 2026,publication,Football365,33,0,0,2,2,4,6,small_sample
Premier League · Summer Window 2026,publication,The Independent,33,0,0,2,2,4,6,small_sample
Premier League · Summer Window 2026,publication,Chronicle Live,,,0,0,0,1,1,small_sample
Premier League · Summer Window 2026,publication,FOX Sports,,,0,0,0,1,1,small_sample
Premier League · Summer Window 2026,publication,Liverpool Echo,,,0,0,0,1,1,small_sample
Premier League · Summer Window 2026,publication,TEAMtalk,,,0,0,0,1,1,small_sample
