window,source_type,source,deal_id,player,from_club,to_club,first_call_date,first_claim,evidence_url,evidence_type,resolution_date,deal_status,outcome,deal_url
Premier League · Summer Window 2026,journalist,Fabrizio Romano,chavarria-rayo-vallecano-chelsea,Pep Chavarría,Rayo Vallecano,Chelsea,2026-07-12,talks,urn:transferintel:seed:chavarria-rayo-vallecano-chelsea,seed,,agreed,unresolved,https://peterdsouza247.github.io/transfer-intel/windows/2026-summer/deals/chavarria-rayo-vallecano-chelsea/
Premier League · Summer Window 2026,journalist,Fabrizio Romano,greenwood-marseille-fenerbahce,Mason Greenwood,Marseille,Fenerbahçe,2026-07-12,agreed,urn:transferintel:seed:greenwood-marseille-fenerbahce,seed,,agreed,unresolved,https://peterdsouza247.github.io/transfer-intel/windows/2026-summer/deals/greenwood-marseille-fenerbahce/
Premier League · Summer Window 2026,journalist,Fabrizio Romano,savinho-man-city-tottenham,Savinho,Man City,Tottenham,2026-07-12,talks,urn:transferintel:seed:savinho-man-city-tottenham,seed,,talks,unresolved,https://peterdsouza247.github.io/transfer-intel/windows/2026-summer/deals/savinho-man-city-tottenham/
Premier League · Summer Window 2026,journalist,Fabrizio Romano,tzolis-club-brugge-arsenal,Christos Tzolis,Club Brugge,Arsenal,2026-07-12,interest,urn:transferintel:seed:tzolis-club-brugge-arsenal,seed,2026-07-24,done,hit,https://peterdsouza247.github.io/transfer-intel/windows/2026-summer/deals/tzolis-club-brugge-arsenal/
Premier League · Summer Window 2026,publication,BBC Sport,barcola-psg-liverpool,Bradley Barcola,PSG,Liverpool,2026-07-29,talks,https://www.bbc.co.uk/sport/football/articles/c0qv8wekp7eo,web,,confirmed,unresolved,https://peterdsouza247.github.io/transfer-intel/windows/2026-summer/deals/barcola-psg-liverpool/
Premier League · Summer Window 2026,publication,BBC Sport,guimaraes-newcastle-arsenal,Bruno Guimarães,Newcastle,Arsenal,2026-07-23,talks,https://www.bbc.co.uk/sport/football/articles/cpq8lpj530po,web,,confirmed,unresolved,https://peterdsouza247.github.io/transfer-intel/windows/2026-summer/deals/guimaraes-newcastle-arsenal/
Premier League · Summer Window 2026,publication,BBC Sport,savinho-man-city-tottenham,Savinho,Man City,Tottenham,2026-07-29,interest,https://www.bbc.co.uk/sport/football/articles/cx2kqvkwz17o,web,,talks,unresolved,https://peterdsouza247.github.io/transfer-intel/windows/2026-summer/deals/savinho-man-city-tottenham/
Premier League · Summer Window 2026,publication,BBC Sport,watkins-aston-villa-fenerbahce,Ollie Watkins,Aston Villa,Fenerbahçe,2026-08-21,interest,https://www.bbc.co.uk/sport/football/articles/c9v4wj07e8eo,web,2026-08-28,collapsed,miss,https://peterdsouza247.github.io/transfer-intel/windows/2026-summer/deals/watkins-aston-villa-fenerbahce/
Premier League · Summer Window 2026,publication,Birmingham Mail,watkins-aston-villa-fenerbahce,Ollie Watkins,Aston Villa,Fenerbahçe,2026-08-17,interest,https://www.birminghammail.co.uk/sport/football/transfer-news/ollie-watkins-transfer-latest-saudi-34471567,web,2026-08-28,collapsed,miss,https://peterdsouza247.github.io/transfer-intel/windows/2026-summer/deals/watkins-aston-villa-fenerbahce/
Premier League · Summer Window 2026,publication,CaughtOffside,alvarez-atletico-madrid-arsenal,Julián Álvarez,Atlético Madrid,Arsenal,2026-08-18,interest,https://www.caughtoffside.com/2026/08/18/mikel-arteta-calls-29-g-a-phenomenon-to-convince-him-over-arsenal-transfer,web,2026-09-01,collapsed,miss,https://peterdsouza247.github.io/transfer-intel/windows/2026-summer/deals/alvarez-atletico-madrid-arsenal/
Premier League · Summer Window 2026,publication,CaughtOffside,barcola-psg-liverpool,Bradley Barcola,PSG,Liverpool,2026-07-29,talks,https://www.caughtoffside.com/2026/07/29/bradley-barcola-stats-liverpool-transfer,web,,confirmed,unresolved,https://peterdsouza247.github.io/transfer-intel/windows/2026-summer/deals/barcola-psg-liverpool/
Premier League · Summer Window 2026,publication,CaughtOffside,chavarria-rayo-vallecano-chelsea,Pep Chavarría,Rayo Vallecano,Chelsea,2026-08-03,medical,https://www.caughtoffside.com/2026/08/03/chelsea-agree-e25-million-move-as-new-signing-prepares-for-medical,web,,agreed,unresolved,https://peterdsouza247.github.io/transfer-intel/windows/2026-summer/deals/chavarria-rayo-vallecano-chelsea/
Premier League · Summer Window 2026,publication,CaughtOffside,guimaraes-newcastle-arsenal,Bruno Guimarães,Newcastle,Arsenal,2026-07-23,interest,https://www.caughtoffside.com/2026/07/23/arsenal-closer-to-bruno-guimaraes-transfer,web,,confirmed,unresolved,https://peterdsouza247.github.io/transfer-intel/windows/2026-summer/deals/guimaraes-newcastle-arsenal/
Premier League · Summer Window 2026,publication,CaughtOffside,savinho-man-city-tottenham,Savinho,Man City,Tottenham,2026-08-08,talks,https://www.caughtoffside.com/2026/08/08/tottenham-advance-talks-for-60-million-top-target-as-transfer-nears,web,,talks,unresolved,https://peterdsouza247.github.io/transfer-intel/windows/2026-summer/deals/savinho-man-city-tottenham/
Premier League · Summer Window 2026,publication,Chronicle Live,guimaraes-newcastle-arsenal,Bruno Guimarães,Newcastle,Arsenal,2026-07-22,interest,https://www.chroniclelive.co.uk/sport/football/football-news/bruno-guimaraes-given-newcastle-united-34330969,web,,confirmed,unresolved,https://peterdsouza247.github.io/transfer-intel/windows/2026-summer/deals/guimaraes-newcastle-arsenal/
Premier League · Summer Window 2026,publication,Daily Mail,alvarez-atletico-madrid-arsenal,Julián Álvarez,Atlético Madrid,Arsenal,2026-08-23,interest,https://www.dailymail.com/sport/football/article-16074123/Arsenal-target-Julian-Alvarez-BOOED-fans-amid-attempt-force-away-Atletico-Madrid.html,web,2026-09-01,collapsed,miss,https://peterdsouza247.github.io/transfer-intel/windows/2026-summer/deals/alvarez-atletico-madrid-arsenal/
Premier League · Summer Window 2026,publication,Daily Mail,barcola-psg-liverpool,Bradley Barcola,PSG,Liverpool,2026-07-29,talks,https://www.dailymail.com/sport/football/article-16013935/liverpool-bradley-barcola-psg-france-bid.html,web,,confirmed,unresolved,https://peterdsouza247.github.io/transfer-intel/windows/2026-summer/deals/barcola-psg-liverpool/
Premier League · Summer Window 2026,publication,Daily Mail,bouaddi-lille-man-city,Ayyoub Bouaddi,Lille,Man City,2026-08-15,talks,https://www.dailymail.com/sport/football/article-16055499/Man-City-Ayyoub-Bouaddi-transfer-Rodri-Barcelona.html,web,,agreed,unresolved,https://peterdsouza247.github.io/transfer-intel/windows/2026-summer/deals/bouaddi-lille-man-city/
Premier League · Summer Window 2026,publication,Daily Mail,guimaraes-newcastle-arsenal,Bruno Guimarães,Newcastle,Arsenal,2026-07-31,medical,https://www.dailymail.com/sport/football/article-16020197/Arsenal-agree-deal-Newcastle-Bruno-Guimaraes-worth-77m-plus-add-ons-plan-medical-week.html,web,,confirmed,unresolved,https://peterdsouza247.github.io/transfer-intel/windows/2026-summer/deals/guimaraes-newcastle-arsenal/
Premier League · Summer Window 2026,publication,Daily Mail,lacroix-crystal-palace-chelsea,Maxence Lacroix,Crystal Palace,Chelsea,2026-07-21,interest,https://www.dailymail.com/sport/football/article-15991685/Chelsea-step-pursuit-Crystal-Palace-star-Maxence-Lacroix-Eagles-demand-60m-fee-club-chiefs-meeting-New-York-ahead-World-Cup-final-wantaway-defender.html,web,,confirmed,unresolved,https://peterdsouza247.github.io/transfer-intel/windows/2026-summer/deals/lacroix-crystal-palace-chelsea/
Premier League · Summer Window 2026,publication,Daily Mail,savinho-man-city-tottenham,Savinho,Man City,Tottenham,2026-08-21,agreed,https://www.dailymail.com/sport/football/article-16069135/Tottenham-finally-agree-75m-deal-Savinho-one-year-initial-bid-Man-City-winger-taking-Spurs-summer-spend-past-300M.html,web,,talks,unresolved,https://peterdsouza247.github.io/transfer-intel/windows/2026-summer/deals/savinho-man-city-tottenham/
Premier League · Summer Window 2026,publication,Evening Standard,alvarez-atletico-madrid-arsenal,Julián Álvarez,Atlético Madrid,Arsenal,2026-08-10,interest,https://www.standard.co.uk/sport/football/arsenal-fc-transfer-news-julian-alvarez-b1292949.html,web,2026-09-01,collapsed,miss,https://peterdsouza247.github.io/transfer-intel/windows/2026-summer/deals/alvarez-atletico-madrid-arsenal/
Premier League · Summer Window 2026,publication,Evening Standard,barcola-psg-liverpool,Bradley Barcola,PSG,Liverpool,2026-07-29,interest,https://www.standard.co.uk/sport/football/barcola-transfer-liverpool-fc-latest-bid-b1291766.html,web,,confirmed,unresolved,https://peterdsouza247.github.io/transfer-intel/windows/2026-summer/deals/barcola-psg-liverpool/
Premier League · Summer Window 2026,publication,Evening Standard,bouaddi-lille-man-city,Ayyoub Bouaddi,Lille,Man City,2026-08-16,interest,https://www.standard.co.uk/sport/football/maresca-man-city-transfer-plan-bouaddi-b1293589.html,web,,agreed,unresolved,https://peterdsouza247.github.io/transfer-intel/windows/2026-summer/deals/bouaddi-lille-man-city/
Premier League · Summer Window 2026,publication,Evening Standard,chavarria-rayo-vallecano-chelsea,Pep Chavarría,Rayo Vallecano,Chelsea,2026-08-04,talks,https://www.standard.co.uk/sport/football/chelsea-fc-transfer-news-pep-chavarria-hato-b1292359.html,web,,agreed,unresolved,https://peterdsouza247.github.io/transfer-intel/windows/2026-summer/deals/chavarria-rayo-vallecano-chelsea/
Premier League · Summer Window 2026,publication,Evening Standard,guimaraes-newcastle-arsenal,Bruno Guimarães,Newcastle,Arsenal,2026-07-30,talks,https://www.standard.co.uk/sport/football/arsenal-fc-transfer-news-bruno-guimaraes-deal-close-b1291885.html,web,,confirmed,unresolved,https://peterdsouza247.github.io/transfer-intel/windows/2026-summer/deals/guimaraes-newcastle-arsenal/
Premier League · Summer Window 2026,publication,Evening Standard,savinho-man-city-tottenham,Savinho,Man City,Tottenham,2026-08-18,talks,https://www.standard.co.uk/sport/football/tottenham-transfer-news-savinho-latest-b1293822.html,web,,talks,unresolved,https://peterdsouza247.github.io/transfer-intel/windows/2026-summer/deals/savinho-man-city-tottenham/
Premier League · Summer Window 2026,publication,football.london,alvarez-atletico-madrid-arsenal,Julián Álvarez,Atlético Madrid,Arsenal,2026-08-08,interest,https://www.football.london/arsenal-fc/transfer-news/julian-alvarez-simeone-arsenal-transfer-34425880,web,2026-09-01,collapsed,miss,https://peterdsouza247.github.io/transfer-intel/windows/2026-summer/deals/alvarez-atletico-madrid-arsenal/
Premier League · Summer Window 2026,publication,football.london,barcola-psg-liverpool,Bradley Barcola,PSG,Liverpool,2026-08-10,interest,https://www.football.london/arsenal-fc/transfer-news/bradley-barcola-arsenal-transfer-liverpool-34434644,web,,confirmed,unresolved,https://peterdsouza247.github.io/transfer-intel/windows/2026-summer/deals/barcola-psg-liverpool/
Premier League · Summer Window 2026,publication,football.london,bouaddi-lille-man-city,Ayyoub Bouaddi,Lille,Man City,2026-08-16,interest,https://www.football.london/arsenal-fc/transfer-news/arsenal-transfer-news-bouaddi-city-34465883,web,,agreed,unresolved,https://peterdsouza247.github.io/transfer-intel/windows/2026-summer/deals/bouaddi-lille-man-city/
Premier League · Summer Window 2026,publication,football.london,guimaraes-newcastle-arsenal,Bruno Guimarães,Newcastle,Arsenal,2026-07-23,talks,https://www.football.london/arsenal-fc/transfer-news/arsenal-latest-newcastle-contact-over-34334994,web,,confirmed,unresolved,https://peterdsouza247.github.io/transfer-intel/windows/2026-summer/deals/guimaraes-newcastle-arsenal/
Premier League · Summer Window 2026,publication,football.london,savinho-man-city-tottenham,Savinho,Man City,Tottenham,2026-08-01,interest,https://www.football.london/tottenham-hotspur-fc/transfer-news/tottenham-transfer-plea-savinho-city-34389968,web,,talks,unresolved,https://peterdsouza247.github.io/transfer-intel/windows/2026-summer/deals/savinho-man-city-tottenham/
Premier League · Summer Window 2026,publication,Football365,barcola-psg-liverpool,Bradley Barcola,PSG,Liverpool,2026-07-12,interest,urn:transferintel:seed:barcola-psg-liverpool,seed,,confirmed,unresolved,https://peterdsouza247.github.io/transfer-intel/windows/2026-summer/deals/barcola-psg-liverpool/
Premier League · Summer Window 2026,publication,Football365,bouaddi-lille-man-city,Ayyoub Bouaddi,Lille,Man City,2026-07-12,interest,urn:transferintel:seed:bouaddi-lille-man-city,seed,,agreed,unresolved,https://peterdsouza247.github.io/transfer-intel/windows/2026-summer/deals/bouaddi-lille-man-city/
Premier League · Summer Window 2026,publication,Football365,guimaraes-newcastle-arsenal,Bruno Guimarães,Newcastle,Arsenal,2026-07-12,interest,urn:transferintel:seed:guimaraes-newcastle-arsenal,seed,,confirmed,unresolved,https://peterdsouza247.github.io/transfer-intel/windows/2026-summer/deals/guimaraes-newcastle-arsenal/
Premier League · Summer Window 2026,publication,Football365,kroupi-bournemouth-tottenham,Eli Junior Kroupi,Bournemouth,Tottenham,2026-07-12,talks,urn:transferintel:seed:kroupi-bournemouth-tottenham,seed,2026-07-29,collapsed,miss,https://peterdsouza247.github.io/transfer-intel/windows/2026-summer/deals/kroupi-bournemouth-tottenham/
Premier League · Summer Window 2026,publication,Football365,lacroix-crystal-palace-chelsea,Maxence Lacroix,Crystal Palace,Chelsea,2026-07-10,talks,urn:transferintel:seed:lacroix-crystal-palace-chelsea,seed,,confirmed,unresolved,https://peterdsouza247.github.io/transfer-intel/windows/2026-summer/deals/lacroix-crystal-palace-chelsea/
Premier League · Summer Window 2026,publication,Football365,rogers-aston-villa-arsenal,Morgan Rogers,Aston Villa,Arsenal,2026-07-12,interest,urn:transferintel:seed:rogers-aston-villa-arsenal,seed,2026-07-22,collapsed,miss,https://peterdsouza247.github.io/transfer-intel/windows/2026-summer/deals/rogers-aston-villa-arsenal/
Premier League · Summer Window 2026,publication,FootballTransfers,alvarez-atletico-madrid-arsenal,Julián Álvarez,Atlético Madrid,Arsenal,2026-07-13,interest,urn:transferintel:seed:alvarez-atletico-madrid-arsenal,seed,2026-09-01,collapsed,miss,https://peterdsouza247.github.io/transfer-intel/windows/2026-summer/deals/alvarez-atletico-madrid-arsenal/
Premier League · Summer Window 2026,publication,FootballTransfers,barcola-psg-liverpool,Bradley Barcola,PSG,Liverpool,2026-07-29,interest,https://www.footballtransfers.com/en/transfer-news/uk-premier-league/2026/07/liverpool-transfer-news-rayan-dream-bradley-barcola-alternative,web,,confirmed,unresolved,https://peterdsouza247.github.io/transfer-intel/windows/2026-summer/deals/barcola-psg-liverpool/
Premier League · Summer Window 2026,publication,FootballTransfers,guimaraes-newcastle-arsenal,Bruno Guimarães,Newcastle,Arsenal,2026-07-29,talks,https://www.footballtransfers.com/en/transfer-news/uk-premier-league/2026/07/bruno-guimaraes-arsenal-learn-if-midfielder-will-repeat-isak-saga,web,,confirmed,unresolved,https://peterdsouza247.github.io/transfer-intel/windows/2026-summer/deals/guimaraes-newcastle-arsenal/
Premier League · Summer Window 2026,publication,FootballTransfers,lacroix-crystal-palace-chelsea,Maxence Lacroix,Crystal Palace,Chelsea,2026-07-29,agreed,https://www.footballtransfers.com/en/transfer-news/uk-premier-league/every-done-deal-official-confirmed-completed-signing-europe-today-29-july-2026,web,,confirmed,unresolved,https://peterdsouza247.github.io/transfer-intel/windows/2026-summer/deals/lacroix-crystal-palace-chelsea/
Premier League · Summer Window 2026,publication,FootballTransfers,salah-liverpool-besiktas,Mohamed Salah,Liverpool,Besiktas,2026-07-28,interest,https://www.footballtransfers.com/en/transfer-news/uk-premier-league/2026/07/mohamed-salah-to-besiktas-official-transfer-statement-made,web,,rumor,unresolved,https://peterdsouza247.github.io/transfer-intel/windows/2026-summer/deals/salah-liverpool-besiktas/
Premier League · Summer Window 2026,publication,FootballTransfers,tzolis-club-brugge-arsenal,Christos Tzolis,Club Brugge,Arsenal,2026-07-22,agreed,https://www.footballtransfers.com/en/transfer-news/uk-premier-league/2026/02/premier-league-2026-summer-transfers-done-deals-all-completed-confirmed-signings-official,web,2026-07-24,done,hit,https://peterdsouza247.github.io/transfer-intel/windows/2026-summer/deals/tzolis-club-brugge-arsenal/
Premier League · Summer Window 2026,publication,FOX Sports,lacroix-crystal-palace-chelsea,Maxence Lacroix,Crystal Palace,Chelsea,2026-07-24,medical,https://www.foxsports.com/stories/soccer/chelsea-closing-69-million-deal-france-center-back-maxence-lacroix,web,,confirmed,unresolved,https://peterdsouza247.github.io/transfer-intel/windows/2026-summer/deals/lacroix-crystal-palace-chelsea/
Premier League · Summer Window 2026,publication,Liverpool Echo,barcola-psg-liverpool,Bradley Barcola,PSG,Liverpool,2026-07-23,interest,https://www.liverpoolecho.co.uk/sport/football/transfer-news/liverpool-transfer-plan-barcola-diomande-34339182,web,,confirmed,unresolved,https://peterdsouza247.github.io/transfer-intel/windows/2026-summer/deals/barcola-psg-liverpool/
Premier League · Summer Window 2026,publication,Metro,alvarez-atletico-madrid-arsenal,Julián Álvarez,Atlético Madrid,Arsenal,2026-08-21,interest,https://metro.co.uk/2026/08/21/atletico-madrid-send-message-julian-alvarez-arsenal-transfer-approach-29433547,web,2026-09-01,collapsed,miss,https://peterdsouza247.github.io/transfer-intel/windows/2026-summer/deals/alvarez-atletico-madrid-arsenal/
Premier League · Summer Window 2026,publication,Metro,guimaraes-newcastle-arsenal,Bruno Guimarães,Newcastle,Arsenal,2026-07-31,agreed,https://metro.co.uk/2026/07/31/arsenal-reach-transfer-agreement-newcastle-sign-bruno-guimaraes-29267391,web,,confirmed,unresolved,https://peterdsouza247.github.io/transfer-intel/windows/2026-summer/deals/guimaraes-newcastle-arsenal/
Premier League · Summer Window 2026,publication,Sky Sports,alvarez-atletico-madrid-arsenal,Julián Álvarez,Atlético Madrid,Arsenal,2026-08-21,interest,https://www.skysports.com/football/news/12040/13575645/arsenal-transfer-news-julian-alvarez-would-add-magic-to-gunners-frontline-says-gary-neville-as-he-urges-them-to-sign-atletico-madrid-striker,web,2026-09-01,collapsed,miss,https://peterdsouza247.github.io/transfer-intel/windows/2026-summer/deals/alvarez-atletico-madrid-arsenal/
Premier League · Summer Window 2026,publication,Sky Sports,barcola-psg-liverpool,Bradley Barcola,PSG,Liverpool,2026-08-25,talks,https://www.skysports.com/football/news/12040/13567087/bradley-barcola-transfer-news-liverpool-hold-fresh-talks-with-psg-over-france-international-ahead-of-transfer-deadline,web,,confirmed,unresolved,https://peterdsouza247.github.io/transfer-intel/windows/2026-summer/deals/barcola-psg-liverpool/
Premier League · Summer Window 2026,publication,Sky Sports,bouaddi-lille-man-city,Ayyoub Bouaddi,Lille,Man City,2026-08-10,talks,https://www.skysports.com/football/news/12040/13571742/man-city-transfer-news-talks-ongoing-with-lilles-ayyoub-bouaddi-but-rodri-to-barcelona-talks-inactive-with-enzo-fernandez-also-an-option,web,,agreed,unresolved,https://peterdsouza247.github.io/transfer-intel/windows/2026-summer/deals/bouaddi-lille-man-city/
Premier League · Summer Window 2026,publication,Sky Sports,lacroix-crystal-palace-chelsea,Maxence Lacroix,Crystal Palace,Chelsea,2026-07-24,agreed,https://www.skysports.com/football/news/11668/13565648/maxence-lacroix-transfer-news-chelsea-agree-deal-to-sign-france-defender-from-crystal-palace,web,,confirmed,unresolved,https://peterdsouza247.github.io/transfer-intel/windows/2026-summer/deals/lacroix-crystal-palace-chelsea/
Premier League · Summer Window 2026,publication,Sky Sports,savinho-man-city-tottenham,Savinho,Man City,Tottenham,2026-08-19,talks,https://www.skysports.com/football/news/12040/13574823/tottenham-transfer-news-spurs-target-man-city-duo-savinho-and-marmoush-as-search-for-three-new-forwards-gathers-pace,web,,talks,unresolved,https://peterdsouza247.github.io/transfer-intel/windows/2026-summer/deals/savinho-man-city-tottenham/
Premier League · Summer Window 2026,publication,talkSPORT,alvarez-atletico-madrid-arsenal,Julián Álvarez,Atlético Madrid,Arsenal,2026-08-22,talks,https://talksport.com/football/4530614/arsenal-julian-alvarez-atletico-madrid-transfer-latest,web,2026-09-01,collapsed,miss,https://peterdsouza247.github.io/transfer-intel/windows/2026-summer/deals/alvarez-atletico-madrid-arsenal/
Premier League · Summer Window 2026,publication,talkSPORT,barcola-psg-liverpool,Bradley Barcola,PSG,Liverpool,2026-07-28,talks,https://talksport.com/football/4474703/liverpool-bradley-barcola-bid-alternative-transfer-targets,web,,confirmed,unresolved,https://peterdsouza247.github.io/transfer-intel/windows/2026-summer/deals/barcola-psg-liverpool/
Premier League · Summer Window 2026,publication,talkSPORT,guimaraes-newcastle-arsenal,Bruno Guimarães,Newcastle,Arsenal,2026-07-31,talks,https://talksport.com/football/4481978/arsenal-transfer-bruno-guimaraes-newcastle-delay-travel,web,,confirmed,unresolved,https://peterdsouza247.github.io/transfer-intel/windows/2026-summer/deals/guimaraes-newcastle-arsenal/
Premier League · Summer Window 2026,publication,talkSPORT,savinho-man-city-tottenham,Savinho,Man City,Tottenham,2026-08-19,talks,https://talksport.com/football/4524532/tottenham-man-city-transfer-savinho-omar-marmoush,web,,talks,unresolved,https://peterdsouza247.github.io/transfer-intel/windows/2026-summer/deals/savinho-man-city-tottenham/
Premier League · Summer Window 2026,publication,TEAMtalk,lacroix-crystal-palace-chelsea,Maxence Lacroix,Crystal Palace,Chelsea,2026-07-24,medical,https://www.teamtalk.com/chelsea/transfer-news-maxence-lacroix-fabrizio-romano-crystal-palace-here-we-go,web,,confirmed,unresolved,https://peterdsouza247.github.io/transfer-intel/windows/2026-summer/deals/lacroix-crystal-palace-chelsea/
Premier League · Summer Window 2026,publication,The Guardian,alvarez-atletico-madrid-arsenal,Julián Álvarez,Atlético Madrid,Arsenal,2026-08-24,interest,https://www.theguardian.com/football/2026/aug/24/football-transfer-rumour-mill-julian-alvarez-arsenal-booed-atletico,web,2026-09-01,collapsed,miss,https://peterdsouza247.github.io/transfer-intel/windows/2026-summer/deals/alvarez-atletico-madrid-arsenal/
Premier League · Summer Window 2026,publication,The Guardian,barcola-psg-liverpool,Bradley Barcola,PSG,Liverpool,2026-08-27,agreed,https://www.theguardian.com/football/2026/aug/27/liverpool-bradley-barcola-psg-transfer-window,web,,confirmed,unresolved,https://peterdsouza247.github.io/transfer-intel/windows/2026-summer/deals/barcola-psg-liverpool/
Premier League · Summer Window 2026,publication,The Guardian,fernandez-chelsea-man-city,Enzo Fernández,Chelsea,Man City,2026-08-12,interest,https://www.theguardian.com/football/2026/aug/12/manchester-city-chelsea-enzo-fernandez,web,2026-09-01,done,hit,https://peterdsouza247.github.io/transfer-intel/windows/2026-summer/deals/fernandez-chelsea-man-city/
Premier League · Summer Window 2026,publication,The Guardian,guimaraes-newcastle-arsenal,Bruno Guimarães,Newcastle,Arsenal,2026-07-31,talks,https://www.theguardian.com/football/2026/jul/31/newcastle-bruno-guimaraes-pre-season-camp,web,,confirmed,unresolved,https://peterdsouza247.github.io/transfer-intel/windows/2026-summer/deals/guimaraes-newcastle-arsenal/
Premier League · Summer Window 2026,publication,The Guardian,savinho-man-city-tottenham,Savinho,Man City,Tottenham,2026-08-21,talks,https://www.theguardian.com/football/2026/aug/21/tottenham-hotspur-close-on-deals-for-manchester-city-savinho-omar-marmoush,web,,talks,unresolved,https://peterdsouza247.github.io/transfer-intel/windows/2026-summer/deals/savinho-man-city-tottenham/
Premier League · Summer Window 2026,publication,The Independent,alvarez-atletico-madrid-arsenal,Julián Álvarez,Atlético Madrid,Arsenal,2026-08-23,interest,https://www.independent.co.uk/sport/football/julian-alvarez-atletico-madrid-boos-transfer-news-arsenal-b3037844.html,web,2026-09-01,collapsed,miss,https://peterdsouza247.github.io/transfer-intel/windows/2026-summer/deals/alvarez-atletico-madrid-arsenal/
Premier League · Summer Window 2026,publication,The Independent,barcola-psg-liverpool,Bradley Barcola,PSG,Liverpool,2026-07-30,interest,https://www.independent.co.uk/sport/football/bradley-barcola-liverpool-transfer-news-psg-b3024736.html,web,,confirmed,unresolved,https://peterdsouza247.github.io/transfer-intel/windows/2026-summer/deals/barcola-psg-liverpool/
Premier League · Summer Window 2026,publication,The Independent,bouaddi-lille-man-city,Ayyoub Bouaddi,Lille,Man City,2026-08-23,agreed,https://www.independent.co.uk/sport/football/ayyoub-bouaddi-man-city-transfer-fee-latest-b3037751.html,web,,agreed,unresolved,https://peterdsouza247.github.io/transfer-intel/windows/2026-summer/deals/bouaddi-lille-man-city/
Premier League · Summer Window 2026,publication,The Independent,guimaraes-newcastle-arsenal,Bruno Guimarães,Newcastle,Arsenal,2026-08-03,talks,https://www.independent.co.uk/sport/football/bruno-guimaraes-arsenal-newcastle-transfer-news-b3026549.html,web,,confirmed,unresolved,https://peterdsouza247.github.io/transfer-intel/windows/2026-summer/deals/guimaraes-newcastle-arsenal/
Premier League · Summer Window 2026,publication,The Independent,savinho-man-city-tottenham,Savinho,Man City,Tottenham,2026-08-21,agreed,https://www.independent.co.uk/sport/football/savinho-tottenham-man-city-transfer-news-marmoush-b3036918.html,web,,talks,unresolved,https://peterdsouza247.github.io/transfer-intel/windows/2026-summer/deals/savinho-man-city-tottenham/
Premier League · Summer Window 2026,publication,The Independent,watkins-aston-villa-fenerbahce,Ollie Watkins,Aston Villa,Fenerbahçe,2026-08-21,interest,https://www.independent.co.uk/sport/football/ollie-watkins-emi-martinez-unai-emery-aston-villa-b3037195.html,web,2026-08-28,collapsed,miss,https://peterdsouza247.github.io/transfer-intel/windows/2026-summer/deals/watkins-aston-villa-fenerbahce/
Premier League · Summer Window 2026,publication,The Mirror,alvarez-atletico-madrid-arsenal,Julián Álvarez,Atlético Madrid,Arsenal,2026-08-09,interest,https://www.mirror.co.uk/sport/football/news/arsenal-transfers-julian-alvarez-update-37528696,web,2026-09-01,collapsed,miss,https://peterdsouza247.github.io/transfer-intel/windows/2026-summer/deals/alvarez-atletico-madrid-arsenal/
Premier League · Summer Window 2026,publication,The Mirror,barcola-psg-liverpool,Bradley Barcola,PSG,Liverpool,2026-07-29,interest,https://www.mirror.co.uk/sport/football/transfer-news/jamie-carragher-bradley-barcola-transfer-37492838,web,,confirmed,unresolved,https://peterdsouza247.github.io/transfer-intel/windows/2026-summer/deals/barcola-psg-liverpool/
Premier League · Summer Window 2026,publication,The Mirror,bouaddi-lille-man-city,Ayyoub Bouaddi,Lille,Man City,2026-08-15,interest,https://www.mirror.co.uk/sport/football/transfer-news/bouaddi-transfer-man-city-arsenal-37556394,web,,agreed,unresolved,https://peterdsouza247.github.io/transfer-intel/windows/2026-summer/deals/bouaddi-lille-man-city/
Premier League · Summer Window 2026,publication,The Mirror,guimaraes-newcastle-arsenal,Bruno Guimarães,Newcastle,Arsenal,2026-07-30,talks,https://www.mirror.co.uk/sport/football/transfer-news/arsenal-bruno-guimaraes-transfer-newcastle-37496400,web,,confirmed,unresolved,https://peterdsouza247.github.io/transfer-intel/windows/2026-summer/deals/guimaraes-newcastle-arsenal/
Premier League · Summer Window 2026,publication,The Telegraph,rogers-aston-villa-arsenal,Morgan Rogers,Aston Villa,Arsenal,2026-07-12,interest,urn:transferintel:seed:rogers-aston-villa-arsenal,seed,2026-07-22,collapsed,miss,https://peterdsouza247.github.io/transfer-intel/windows/2026-summer/deals/rogers-aston-villa-arsenal/
